order_id,customer_id,channel,order_ts,status,currency,promo_id
1,1430,wholesale,2024-11-04 17:42:17,delivered,GBP,
2,667,app,2023-11-15 20:07:35,placed,USD,
3,490,web,2023-10-01 17:59:11,delivered,USD,
4,63,web,2024-12-09 00:23:25,placed,USD,
5,229,web,2023-12-19 17:57:55,cancelled,USD,
6,286,wholesale,2024-12-13 21:41:07,delivered,USD,
7,240,app,2024-10-14 23:42:38,delivered,INR,
8,340,web,2024-12-29 10:55:43,shipped,EUR,2
9,61,wholesale,2024-11-25 04:11:38,delivered,GBP,
10,435,app,2024-01-28 19:09:11,cancelled,EUR,
11,690,web,2024-11-15 02:58:56,placed,EUR,
12,25,web,2024-03-27 22:41:23,delivered,GBP,
13,1982,wholesale,2023-07-06 02:15:22,cancelled,GBP,
14,373,wholesale,2024-06-16 22:28:51,delivered,EUR,
15,742,web,2025-03-21 23:44:13,delivered,USD,
16,127,app,2025-01-18 20:03:14,delivered,USD,
17,138,web,2024-11-16 03:21:12,delivered,INR,
18,684,web,2024-01-24 19:19:42,delivered,USD,4
19,26,app,2023-11-03 12:11:29,cancelled,USD,
20,186,app,2023-10-11 10:36:37,cancelled,INR,
21,7,web,2024-01-27 10:14:20,delivered,INR,
22,606,app,2024-08-18 15:49:08,delivered,GBP,3
23,729,app,2025-04-12 09:38:12,delivered,GBP,
24,65,web,2024-07-31 23:20:33,cancelled,EUR,3
25,1736,marketplace,2024-03-21 11:50:22,placed,USD,
26,564,wholesale,2025-03-23 11:14:09,shipped,USD,
27,64,app,2023-11-22 07:39:12,delivered,INR,
28,417,web,2023-12-17 01:54:50,delivered,INR,3
29,191,web,2024-10-31 17:31:23,delivered,GBP,
30,2008,web,2023-12-04 18:00:44,cancelled,USD,
31,126,web,2024-04-04 16:52:28,delivered,USD,
32,1095,web,2024-12-10 00:28:28,delivered,EUR,6
33,460,app,2025-02-06 20:26:32,delivered,USD,
34,420,marketplace,2024-11-20 18:18:27,placed,USD,
35,849,app,2023-06-23 19:41:57,delivered,EUR,
36,89,app,2025-03-30 09:01:11,shipped,USD,
37,1,web,2024-10-25 14:27:05,placed,USD,
38,75,marketplace,2024-04-15 14:47:17,delivered,GBP,6
39,933,marketplace,2025-03-19 18:12:32,delivered,USD,
40,61,marketplace,2023-08-05 05:52:15,delivered,INR,
41,177,app,2024-10-04 10:05:34,delivered,EUR,3
42,204,app,2024-09-03 22:27:14,shipped,USD,
43,135,app,2025-05-02 14:35:20,delivered,EUR,
44,989,web,2023-07-23 08:59:04,delivered,USD,
45,730,app,2025-04-10 19:24:38,placed,GBP,
46,146,app,2024-11-02 23:25:48,delivered,EUR,10
47,755,web,2024-09-21 09:07:08,cancelled,USD,
48,243,web,2024-02-04 22:54:50,cancelled,USD,
49,442,app,2024-06-03 15:21:18,delivered,USD,
50,1320,web,2024-01-22 15:49:40,delivered,GBP,
51,1022,wholesale,2024-12-31 10:14:18,delivered,INR,4
52,312,web,2024-11-26 15:40:56,delivered,USD,
53,592,web,2024-05-11 21:00:52,delivered,GBP,
54,679,web,2023-06-08 02:53:28,shipped,USD,
55,511,wholesale,2024-01-13 03:06:04,cancelled,GBP,
56,63,web,2023-09-06 19:04:48,delivered,USD,
57,1042,wholesale,2024-05-03 14:32:23,delivered,INR,
58,403,marketplace,2024-08-15 18:50:51,delivered,USD,
59,25,marketplace,2023-12-21 05:00:51,delivered,GBP,
60,238,app,2023-06-08 15:20:17,delivered,USD,
61,618,marketplace,2024-01-27 09:28:00,delivered,EUR,
62,183,web,2024-11-01 04:19:24,delivered,USD,
63,1275,web,2023-11-10 08:41:49,delivered,USD,
64,584,web,2023-07-20 10:05:53,delivered,USD,8
65,272,web,2023-07-15 18:51:00,delivered,USD,9
66,127,wholesale,2024-04-09 13:36:07,placed,INR,
67,511,marketplace,2024-02-18 23:41:59,delivered,GBP,
68,53,web,2025-02-25 11:53:19,shipped,USD,
69,233,wholesale,2023-12-04 15:32:26,cancelled,INR,5
70,1076,app,2024-06-23 02:59:49,delivered,GBP,
71,173,web,2024-10-25 14:11:08,placed,EUR,
72,500,web,2024-10-04 07:33:08,delivered,GBP,
73,4,web,2023-12-07 13:02:06,delivered,USD,
74,353,web,2025-03-14 02:11:36,delivered,GBP,
75,256,web,2024-09-19 02:23:07,delivered,USD,
76,333,app,2023-10-14 22:47:54,shipped,USD,
77,81,web,2023-07-19 13:38:29,shipped,USD,1
78,456,web,2025-05-20 10:43:53,placed,GBP,12
79,81,app,2023-12-03 16:50:29,delivered,INR,
80,36,app,2025-03-29 04:23:33,delivered,USD,
81,230,marketplace,2023-11-29 13:56:51,delivered,USD,11
82,332,web,2024-11-07 17:54:48,delivered,EUR,
83,1483,wholesale,2024-05-08 13:42:35,placed,GBP,
84,287,web,2023-06-05 07:52:43,delivered,EUR,
85,172,web,2023-12-24 01:16:33,shipped,USD,
86,57,web,2024-03-24 23:20:04,placed,INR,
87,75,web,2023-11-24 19:47:12,cancelled,USD,
88,118,web,2023-11-21 03:50:09,delivered,USD,
89,208,marketplace,2023-12-30 09:20:17,delivered,USD,
90,137,web,2025-02-08 04:59:21,delivered,EUR,
91,639,web,2023-10-25 12:00:09,delivered,GBP,
92,1357,web,2024-01-31 17:08:15,placed,USD,
93,435,web,2023-11-24 19:40:43,delivered,GBP,
94,512,web,2025-01-31 07:29:18,delivered,EUR,
95,388,wholesale,2024-02-22 11:26:21,delivered,USD,3
96,969,app,2024-05-11 20:50:46,delivered,USD,
97,24,app,2025-01-02 12:48:36,delivered,USD,
98,134,app,2023-12-12 02:43:25,delivered,INR,10
99,46,marketplace,2025-01-21 23:33:08,delivered,INR,
100,291,app,2023-06-26 04:07:53,delivered,INR,
101,123,web,2024-04-21 18:24:28,delivered,USD,
102,1025,wholesale,2024-10-18 04:18:39,shipped,USD,
103,1108,marketplace,2024-05-18 12:39:16,shipped,USD,
104,1014,marketplace,2023-11-01 04:51:41,delivered,USD,
105,547,wholesale,2024-06-19 13:58:45,delivered,INR,
106,12,web,2024-03-09 04:23:27,delivered,USD,
107,263,web,2025-01-14 19:27:30,delivered,INR,
108,4,web,2024-06-03 21:56:17,placed,INR,
109,122,web,2025-03-01 02:28:53,delivered,USD,
110,41,web,2024-05-23 09:48:26,delivered,USD,4
111,182,web,2025-04-17 05:14:41,shipped,EUR,3
112,40,marketplace,2025-03-13 15:02:15,delivered,USD,
113,339,app,2024-07-03 05:42:04,delivered,USD,
114,237,web,2023-10-23 07:36:41,cancelled,EUR,1
115,114,marketplace,2024-04-09 14:37:04,delivered,GBP,
116,855,app,2025-04-18 09:01:06,delivered,USD,
117,737,wholesale,2025-05-23 17:55:53,shipped,USD,9
118,243,marketplace,2024-01-29 07:38:19,delivered,USD,
119,757,web,2024-01-26 19:43:54,delivered,EUR,
120,1807,web,2024-02-23 03:58:49,delivered,USD,
121,447,web,2023-11-07 06:25:44,delivered,GBP,
122,290,app,2023-07-15 19:28:38,delivered,USD,
123,605,marketplace,2023-07-10 00:44:14,delivered,INR,
124,470,web,2024-05-10 00:08:13,delivered,USD,
125,302,app,2025-03-23 11:26:02,delivered,USD,
126,54,app,2023-07-29 09:45:11,delivered,GBP,10
127,181,marketplace,2025-05-20 09:24:14,placed,USD,10
128,128,wholesale,2024-09-20 12:14:01,delivered,USD,
129,40,wholesale,2025-01-03 06:15:00,placed,INR,8
130,377,marketplace,2025-05-29 18:06:09,delivered,USD,
131,378,web,2024-11-18 05:01:19,delivered,INR,
132,631,marketplace,2024-05-10 11:55:37,delivered,GBP,
133,1056,web,2023-08-20 07:09:57,cancelled,USD,
134,550,app,2024-09-04 20:30:40,cancelled,USD,
135,174,app,2023-07-24 23:57:35,delivered,EUR,
136,282,wholesale,2024-03-12 20:53:20,delivered,INR,
137,1181,marketplace,2024-04-23 15:34:42,cancelled,GBP,7
138,247,marketplace,2024-02-11 11:39:43,delivered,INR,
139,563,app,2024-11-30 08:37:42,delivered,GBP,
140,406,app,2025-01-16 09:13:47,delivered,USD,11
141,29,web,2023-06-13 13:55:15,cancelled,GBP,
142,52,wholesale,2024-03-10 21:19:09,delivered,USD,
143,507,web,2024-01-18 07:25:54,delivered,USD,
144,6,web,2024-08-28 14:06:53,delivered,EUR,
145,143,app,2024-12-15 12:03:12,cancelled,USD,
146,216,app,2024-09-12 00:52:44,placed,USD,
147,450,web,2024-03-03 11:53:07,delivered,USD,
148,138,web,2024-07-29 10:14:03,delivered,USD,
149,626,web,2023-06-18 16:46:08,delivered,GBP,
150,350,web,2023-06-26 13:42:32,delivered,EUR,
151,56,marketplace,2024-10-13 14:01:31,delivered,GBP,
152,109,web,2024-02-23 20:08:56,shipped,EUR,
153,881,app,2023-10-02 22:58:52,placed,EUR,8
154,338,app,2024-05-10 10:33:09,placed,USD,
155,831,wholesale,2024-03-23 05:41:14,cancelled,EUR,
156,815,app,2024-03-06 14:47:14,delivered,GBP,3
157,99,web,2025-01-15 05:38:08,placed,USD,
158,577,web,2025-04-13 06:21:29,shipped,EUR,
159,211,web,2024-08-21 18:52:55,delivered,INR,8
160,88,web,2023-07-28 14:10:15,delivered,GBP,
161,182,wholesale,2024-05-03 01:19:22,delivered,USD,2
162,46,app,2025-02-23 14:54:10,shipped,USD,
163,1382,app,2024-06-01 19:35:40,shipped,INR,
164,110,web,2024-05-01 04:11:33,cancelled,USD,
165,1,app,2025-02-06 04:53:32,delivered,USD,4
166,294,web,2025-04-04 00:49:25,delivered,USD,
167,941,app,2024-11-02 14:34:24,placed,USD,
168,822,marketplace,2025-01-22 13:34:21,shipped,GBP,
169,1438,web,2024-07-31 10:34:00,cancelled,EUR,
170,26,web,2023-08-23 00:39:56,placed,USD,9
171,1777,app,2023-08-23 01:17:01,placed,USD,8
172,1018,app,2023-09-19 21:26:11,delivered,EUR,
173,49,web,2023-10-13 01:27:32,delivered,USD,10
174,66,app,2023-11-10 03:54:34,shipped,USD,
175,605,web,2023-10-14 03:18:55,shipped,USD,
176,160,web,2024-12-17 18:32:08,delivered,GBP,
177,475,app,2024-12-26 11:37:15,cancelled,GBP,
178,796,app,2024-03-26 08:59:32,delivered,USD,
179,1572,app,2024-06-11 06:12:36,placed,INR,
180,263,web,2024-03-15 16:32:08,delivered,EUR,
181,317,app,2024-01-17 02:08:15,cancelled,GBP,
182,137,web,2023-08-02 13:55:05,delivered,GBP,6
183,242,web,2025-03-04 02:14:42,delivered,USD,
184,674,web,2024-07-06 04:20:27,delivered,GBP,
185,291,app,2024-06-02 16:11:39,delivered,USD,
186,1134,web,2023-11-19 11:09:44,delivered,EUR,
187,664,web,2023-12-18 11:21:07,cancelled,GBP,
188,88,web,2024-03-22 04:55:09,delivered,USD,1
189,101,app,2024-05-18 10:31:21,placed,USD,
190,20,wholesale,2024-04-06 20:33:42,cancelled,USD,
191,667,web,2024-01-30 02:36:03,shipped,USD,
192,283,web,2024-10-10 15:38:05,shipped,USD,
193,854,app,2024-02-20 03:55:15,delivered,INR,
194,270,app,2023-06-06 19:16:45,placed,GBP,
195,1289,web,2024-04-05 13:36:18,delivered,USD,
196,1138,app,2025-05-01 21:42:17,delivered,USD,
197,444,web,2023-12-24 19:24:44,delivered,USD,
198,132,app,2024-02-14 19:51:53,placed,USD,8
199,708,marketplace,2023-06-19 11:12:34,delivered,EUR,8
200,197,wholesale,2025-04-29 21:37:16,delivered,USD,
201,239,marketplace,2024-05-12 09:51:01,cancelled,USD,
202,297,app,2024-12-04 01:28:08,cancelled,GBP,
203,165,wholesale,2024-12-19 01:17:32,delivered,INR,9
204,56,marketplace,2023-11-25 23:01:59,shipped,USD,
205,1528,app,2024-05-02 17:43:44,delivered,EUR,
206,354,web,2023-06-27 14:03:49,delivered,USD,
207,103,web,2024-12-14 20:48:44,delivered,USD,
208,1710,web,2024-07-28 20:00:25,shipped,USD,
209,343,web,2023-07-18 01:52:44,cancelled,USD,
210,16,wholesale,2024-05-08 07:45:17,shipped,EUR,
211,624,web,2024-09-15 20:14:58,delivered,GBP,
212,677,web,2024-11-09 11:15:21,delivered,USD,
213,26,marketplace,2024-01-22 09:47:39,delivered,INR,
214,707,app,2023-06-27 21:28:04,delivered,INR,
215,515,web,2023-10-09 17:35:36,delivered,USD,
216,181,wholesale,2024-04-22 14:39:26,delivered,USD,11
217,21,web,2023-06-18 18:37:36,placed,INR,
218,1496,wholesale,2023-10-21 02:00:41,delivered,USD,12
219,258,web,2024-05-07 23:21:58,delivered,USD,7
220,361,web,2025-02-16 13:33:25,delivered,USD,11
221,431,web,2024-04-01 20:59:06,delivered,INR,
222,363,app,2024-09-21 13:39:19,delivered,USD,4
223,46,marketplace,2025-03-24 06:02:54,delivered,INR,4
224,2107,app,2024-08-24 00:06:03,delivered,USD,
225,697,app,2023-06-28 05:32:50,delivered,EUR,7
226,1529,marketplace,2024-11-30 03:21:39,cancelled,USD,
227,1023,web,2024-03-13 13:46:17,delivered,USD,
228,65,web,2024-01-27 12:25:53,delivered,USD,
229,550,wholesale,2024-04-10 13:00:44,placed,USD,
230,739,marketplace,2024-08-31 07:52:15,delivered,INR,
231,315,marketplace,2024-09-10 03:09:52,delivered,USD,
232,552,marketplace,2023-10-17 19:34:52,cancelled,GBP,
233,254,web,2023-11-08 04:47:47,delivered,USD,
234,410,web,2024-11-05 01:57:28,placed,USD,
235,323,app,2024-07-17 23:28:09,shipped,INR,
236,84,marketplace,2023-09-24 10:25:08,delivered,USD,2
237,205,app,2024-12-12 01:12:43,delivered,USD,9
238,305,web,2023-12-15 12:39:51,delivered,USD,
239,202,web,2024-10-25 09:11:53,delivered,GBP,9
240,171,web,2025-02-21 14:53:02,delivered,EUR,
241,1306,app,2024-11-13 17:31:36,delivered,INR,
242,2023,web,2023-06-04 02:27:35,shipped,USD,
243,188,marketplace,2023-06-28 11:44:29,delivered,USD,7
244,322,web,2024-03-17 08:30:28,delivered,GBP,
245,1056,web,2023-10-25 19:36:51,shipped,USD,
246,114,web,2025-03-28 06:37:00,delivered,USD,
247,543,web,2025-05-24 11:19:27,delivered,USD,4
248,1538,web,2025-01-08 02:33:52,delivered,INR,
249,83,marketplace,2024-02-23 21:56:23,delivered,INR,
250,64,web,2024-08-22 18:19:44,delivered,USD,
251,297,app,2024-03-21 10:10:29,delivered,INR,
252,63,marketplace,2025-02-27 13:17:00,cancelled,USD,
253,44,app,2025-03-15 08:12:39,placed,INR,3
254,2841,marketplace,2024-11-24 01:09:56,delivered,USD,7
255,327,web,2023-10-03 07:27:55,delivered,USD,
256,51,web,2024-03-06 14:58:35,placed,INR,
257,257,web,2025-01-05 23:08:39,delivered,USD,
258,127,web,2024-05-07 21:12:43,placed,USD,9
259,84,marketplace,2025-03-23 12:32:56,delivered,GBP,
260,60,web,2023-09-16 07:31:48,shipped,USD,
261,1063,web,2023-12-16 23:31:37,delivered,INR,
262,28,wholesale,2024-04-09 17:04:45,delivered,USD,
263,986,marketplace,2024-02-03 20:19:35,delivered,USD,
264,10,web,2024-12-09 08:34:41,delivered,GBP,12
265,753,wholesale,2025-01-07 20:29:58,delivered,USD,7
266,589,web,2024-10-29 02:24:24,delivered,GBP,
267,801,app,2023-10-26 23:04:49,delivered,EUR,3
268,30,marketplace,2024-04-21 11:03:36,cancelled,USD,
269,2174,web,2023-11-19 20:11:03,delivered,USD,
270,509,marketplace,2025-05-09 18:32:37,delivered,EUR,6
271,86,app,2025-01-06 10:01:54,delivered,USD,
272,253,web,2024-12-02 16:30:32,delivered,USD,
273,655,app,2025-02-03 02:29:56,cancelled,GBP,
274,200,web,2024-12-22 02:21:09,delivered,INR,
275,757,web,2025-03-04 22:18:38,delivered,GBP,
276,1425,app,2023-07-15 16:27:28,shipped,USD,
277,902,marketplace,2025-01-13 17:33:08,delivered,GBP,
278,488,app,2023-12-30 15:34:27,delivered,GBP,
279,142,web,2024-03-29 15:17:06,delivered,USD,5
280,131,web,2025-05-21 19:44:04,delivered,USD,
281,583,marketplace,2024-09-12 16:25:33,placed,USD,
282,319,wholesale,2023-11-02 05:28:21,delivered,INR,
283,445,web,2024-02-17 17:03:31,cancelled,EUR,
284,532,wholesale,2023-10-20 01:20:28,delivered,USD,4
285,716,web,2024-10-31 12:20:54,placed,USD,12
286,1667,marketplace,2023-10-23 17:33:46,delivered,USD,
287,685,app,2023-09-20 23:16:48,delivered,USD,
288,632,app,2024-06-22 19:59:50,placed,GBP,
289,31,wholesale,2025-03-18 08:05:48,delivered,USD,
290,19,app,2025-01-03 00:20:06,delivered,USD,
291,264,app,2024-03-01 05:33:59,delivered,INR,1
292,944,wholesale,2024-09-24 19:25:55,delivered,USD,
293,47,app,2023-10-31 14:36:36,placed,INR,8
294,690,web,2024-06-06 04:44:12,delivered,USD,
295,15,web,2024-12-19 05:19:57,delivered,INR,
296,608,web,2025-04-24 14:50:17,cancelled,USD,
297,27,marketplace,2024-08-01 05:35:17,cancelled,INR,
298,235,web,2023-08-16 03:49:59,delivered,INR,
299,374,web,2024-12-21 04:11:14,delivered,EUR,
300,102,app,2024-11-06 19:35:57,shipped,USD,
301,290,wholesale,2023-08-15 06:42:56,delivered,USD,
302,153,marketplace,2023-11-30 03:22:07,cancelled,GBP,
303,90,web,2023-09-03 11:12:26,shipped,USD,
304,172,web,2025-03-31 08:23:12,delivered,USD,
305,632,web,2024-04-03 07:29:30,delivered,EUR,
306,149,wholesale,2024-10-08 18:02:59,delivered,USD,
307,56,app,2023-06-09 03:19:36,delivered,USD,
308,1171,web,2024-02-11 14:54:53,delivered,GBP,
309,478,app,2024-08-25 10:16:34,shipped,INR,
310,426,marketplace,2024-01-28 21:44:26,cancelled,INR,
311,2122,app,2024-04-16 12:15:49,delivered,USD,6
312,129,wholesale,2024-09-01 12:58:11,delivered,USD,
313,197,app,2024-09-09 18:06:20,delivered,USD,
314,1632,web,2024-09-04 04:33:38,delivered,INR,
315,564,web,2023-08-06 10:03:31,delivered,GBP,
316,471,web,2025-02-03 07:59:51,delivered,USD,
317,113,app,2024-11-11 23:55:55,shipped,GBP,5
318,438,app,2024-04-28 22:31:47,delivered,GBP,
319,179,app,2024-04-23 14:49:57,placed,GBP,
320,444,wholesale,2025-03-14 20:07:04,delivered,INR,
321,328,web,2025-04-07 12:12:50,delivered,USD,
322,82,web,2025-02-14 15:32:00,delivered,EUR,
323,950,app,2024-01-24 14:33:05,delivered,EUR,7
324,596,app,2024-11-29 13:50:35,delivered,USD,
325,53,wholesale,2025-02-16 00:37:19,delivered,INR,10
326,467,web,2024-12-31 10:45:24,cancelled,USD,
327,620,app,2025-02-13 23:32:02,delivered,USD,
328,539,web,2025-01-27 12:14:17,placed,USD,
329,1328,wholesale,2024-02-14 22:52:21,shipped,GBP,
330,1221,web,2025-04-03 02:05:56,delivered,GBP,
331,1554,web,2024-08-08 17:22:39,delivered,EUR,
332,727,wholesale,2024-04-30 16:58:07,placed,USD,
333,269,app,2025-04-20 19:15:23,placed,GBP,
334,15,app,2024-03-05 05:27:29,cancelled,EUR,
335,141,marketplace,2023-10-07 00:14:43,shipped,EUR,
336,1091,web,2024-11-04 00:22:18,delivered,USD,3
337,353,app,2024-10-05 06:49:44,delivered,INR,
338,413,app,2023-07-27 13:46:15,delivered,EUR,
339,372,wholesale,2023-09-19 23:06:05,delivered,EUR,
340,88,web,2023-06-07 19:46:46,delivered,USD,7
341,181,web,2024-08-29 18:18:49,shipped,INR,7
342,618,web,2024-02-06 02:44:59,cancelled,INR,12
343,515,web,2024-12-27 16:11:15,delivered,GBP,8
344,1820,marketplace,2024-05-09 09:11:28,delivered,INR,
345,100,app,2024-07-12 23:32:17,delivered,USD,10
346,604,marketplace,2024-11-22 02:39:29,delivered,EUR,
347,63,app,2023-10-08 10:37:30,delivered,USD,
348,385,web,2024-11-18 13:47:12,shipped,USD,
349,672,app,2025-02-24 15:35:40,cancelled,GBP,
350,193,marketplace,2024-11-13 23:01:50,cancelled,EUR,
351,853,marketplace,2024-06-21 08:16:13,delivered,EUR,
352,184,web,2023-12-30 07:04:44,cancelled,USD,12
353,815,wholesale,2024-05-21 01:33:44,delivered,EUR,
354,756,web,2023-11-26 06:13:59,delivered,EUR,
355,131,wholesale,2023-11-17 21:49:27,delivered,USD,9
356,201,web,2025-03-09 17:46:24,delivered,GBP,
357,52,app,2023-07-16 11:11:01,delivered,GBP,
358,409,app,2024-10-24 11:28:44,delivered,GBP,
359,632,web,2025-03-23 20:22:58,delivered,EUR,
360,500,wholesale,2024-12-20 02:42:19,delivered,INR,
361,574,web,2023-09-26 23:54:00,delivered,USD,1
362,46,web,2024-02-22 16:45:43,placed,USD,5
363,382,app,2023-06-06 02:49:12,delivered,USD,
364,1412,app,2024-06-05 01:31:34,delivered,USD,
365,102,wholesale,2023-10-26 06:02:27,delivered,INR,
366,251,marketplace,2024-12-25 20:00:17,delivered,GBP,
367,1758,app,2024-06-11 14:42:31,delivered,EUR,
368,257,web,2024-11-30 01:35:36,placed,INR,
369,735,web,2023-09-03 21:55:16,shipped,INR,
370,219,web,2024-02-03 08:55:47,delivered,EUR,
371,550,marketplace,2024-11-22 16:05:28,cancelled,USD,
372,971,app,2025-01-02 00:01:51,delivered,USD,
373,895,web,2025-01-08 23:38:39,delivered,USD,
374,501,app,2025-01-14 10:06:12,cancelled,EUR,12
375,173,app,2024-08-14 05:30:22,shipped,EUR,
376,498,web,2024-12-02 13:53:04,delivered,INR,
377,121,marketplace,2025-05-14 02:26:19,delivered,GBP,
378,39,web,2023-10-04 04:07:35,delivered,GBP,
379,285,marketplace,2025-05-05 14:40:45,delivered,USD,
380,603,web,2025-02-12 02:04:50,shipped,EUR,
381,515,app,2024-01-02 19:41:15,delivered,USD,
382,19,wholesale,2023-07-11 19:03:05,delivered,INR,
383,2233,web,2024-03-04 19:18:32,delivered,USD,
384,118,web,2023-11-02 15:08:02,placed,EUR,8
385,831,web,2024-12-09 04:26:06,shipped,USD,
386,15,app,2024-01-11 22:28:09,shipped,USD,3
387,35,web,2023-06-15 08:12:45,delivered,USD,
388,460,marketplace,2023-07-02 20:27:35,shipped,USD,3
389,640,web,2023-11-04 14:54:31,delivered,USD,
390,551,marketplace,2024-09-30 03:11:39,delivered,USD,
391,343,wholesale,2024-05-05 05:36:36,delivered,USD,
392,900,wholesale,2024-08-10 21:16:06,delivered,INR,
393,265,app,2024-06-12 00:00:17,delivered,EUR,11
394,70,wholesale,2024-02-03 11:40:20,delivered,EUR,
395,119,app,2023-07-29 03:51:17,cancelled,INR,6
396,492,web,2024-06-02 19:05:37,shipped,USD,9
397,512,marketplace,2024-03-17 01:32:43,delivered,INR,
398,289,app,2025-05-19 01:34:16,cancelled,USD,
399,333,wholesale,2023-09-09 16:01:51,placed,USD,
400,739,web,2024-07-07 06:28:45,delivered,GBP,
401,207,web,2024-02-02 14:21:10,delivered,INR,
402,104,web,2023-07-16 20:42:26,delivered,EUR,1
403,14,marketplace,2024-12-13 16:32:10,placed,INR,
404,429,wholesale,2024-06-22 07:31:49,cancelled,INR,
405,519,app,2024-02-08 05:09:29,delivered,GBP,
406,614,web,2024-06-14 15:26:42,delivered,INR,
407,522,web,2023-07-11 18:44:22,delivered,EUR,
408,726,marketplace,2024-06-14 14:34:24,shipped,USD,
409,121,web,2024-05-29 22:11:34,shipped,INR,
410,9,web,2025-04-21 17:53:00,delivered,INR,
411,235,web,2024-04-24 07:56:38,delivered,USD,
412,348,wholesale,2023-12-20 03:58:05,cancelled,INR,
413,534,web,2024-12-14 05:13:18,delivered,USD,
414,50,web,2023-08-14 07:40:11,delivered,USD,7
415,239,web,2024-07-27 04:25:30,shipped,INR,
416,1051,wholesale,2024-07-03 01:32:58,delivered,USD,8
417,320,wholesale,2025-03-29 23:53:49,delivered,GBP,3
418,32,app,2024-11-16 21:32:08,delivered,USD,
419,497,web,2024-08-30 17:55:33,cancelled,INR,
420,233,wholesale,2025-03-12 10:13:29,shipped,INR,9
421,531,marketplace,2024-10-17 05:20:54,delivered,GBP,
422,226,marketplace,2024-07-18 06:35:28,shipped,USD,
423,325,marketplace,2023-06-19 19:17:56,delivered,USD,
424,572,web,2024-05-31 06:32:19,delivered,USD,
425,197,app,2023-06-05 12:43:03,delivered,USD,
426,57,app,2024-12-26 22:49:29,cancelled,USD,
427,387,web,2024-10-18 02:40:34,cancelled,INR,
428,397,wholesale,2024-07-28 18:56:12,cancelled,USD,
429,41,marketplace,2025-01-19 01:45:28,shipped,USD,
430,1018,web,2023-10-12 16:31:26,placed,GBP,
431,262,marketplace,2024-07-17 09:09:24,delivered,INR,
432,948,app,2023-08-02 18:10:59,delivered,EUR,
433,389,web,2025-05-13 18:22:53,placed,EUR,
434,3,app,2024-02-24 12:48:14,delivered,INR,
435,755,web,2023-06-29 05:48:41,delivered,USD,
436,989,web,2024-01-16 15:31:11,cancelled,USD,
437,366,app,2023-06-18 10:26:27,delivered,USD,6
438,1948,app,2025-04-17 16:58:15,cancelled,INR,
439,465,marketplace,2023-08-17 10:44:34,delivered,USD,
440,97,marketplace,2023-08-04 06:24:37,cancelled,USD,
441,201,wholesale,2023-10-07 07:12:41,delivered,EUR,
442,62,marketplace,2024-05-05 12:38:31,delivered,USD,11
443,731,web,2024-03-24 12:16:53,cancelled,INR,
444,239,app,2024-11-11 19:24:52,delivered,GBP,
445,2597,wholesale,2025-03-17 03:36:16,delivered,USD,
446,19,web,2024-09-16 20:10:13,delivered,EUR,
447,224,app,2023-06-29 06:34:16,delivered,USD,
448,1074,app,2025-03-10 17:59:10,delivered,INR,10
449,217,app,2024-08-07 00:14:32,delivered,USD,
450,1121,wholesale,2023-10-13 05:16:18,cancelled,USD,
451,406,web,2023-07-14 13:56:59,delivered,EUR,
452,1009,marketplace,2025-05-21 16:41:51,delivered,INR,
453,263,web,2024-07-12 07:49:45,delivered,EUR,6
454,423,wholesale,2024-05-16 02:01:42,delivered,USD,
455,134,wholesale,2023-11-30 06:01:14,delivered,USD,
456,367,web,2024-05-18 14:38:39,delivered,INR,
457,55,marketplace,2023-10-09 21:02:22,delivered,USD,
458,1790,app,2025-01-26 11:20:21,delivered,USD,
459,532,app,2024-10-12 13:41:29,shipped,INR,9
460,1198,app,2024-04-30 22:06:52,delivered,USD,3
461,116,marketplace,2023-10-04 19:19:03,delivered,USD,5
462,1603,marketplace,2025-04-03 11:41:09,delivered,USD,
463,253,web,2024-11-16 20:28:16,delivered,USD,
464,438,app,2023-08-12 17:00:32,delivered,INR,
465,101,app,2024-03-11 06:27:36,delivered,USD,8
466,1970,wholesale,2025-04-23 23:13:35,delivered,USD,
467,184,wholesale,2024-05-27 17:21:45,delivered,GBP,
468,279,wholesale,2024-09-21 14:03:53,delivered,USD,
469,1268,marketplace,2023-09-14 17:37:09,delivered,EUR,9
470,17,web,2023-07-16 17:43:03,delivered,USD,9
471,1171,web,2025-03-12 10:44:21,delivered,USD,
472,56,web,2023-12-30 01:07:36,delivered,USD,
473,149,web,2024-09-13 22:30:24,placed,GBP,
474,522,web,2025-03-22 03:15:44,cancelled,EUR,3
475,13,web,2024-09-23 12:45:09,delivered,EUR,
476,23,web,2025-01-16 05:02:04,delivered,USD,
477,96,wholesale,2023-08-04 06:47:18,cancelled,EUR,
478,349,marketplace,2023-06-11 23:19:58,delivered,USD,
479,365,wholesale,2024-11-20 00:02:56,delivered,GBP,10
480,135,marketplace,2024-03-28 11:16:05,delivered,EUR,
481,241,web,2024-07-16 05:15:29,cancelled,INR,5
482,174,app,2025-04-10 01:25:21,shipped,USD,
483,95,web,2024-08-20 09:51:55,placed,INR,
484,354,app,2024-03-31 12:53:45,delivered,INR,5
485,451,app,2024-09-03 01:04:41,delivered,USD,
486,566,web,2023-11-22 05:07:03,placed,INR,
487,755,web,2025-03-26 12:47:17,delivered,USD,
488,117,app,2023-09-25 15:23:32,shipped,USD,
489,553,app,2024-11-04 18:36:28,delivered,INR,
490,487,wholesale,2023-07-05 19:15:26,placed,USD,
491,789,wholesale,2023-06-29 05:00:58,cancelled,USD,8
492,461,wholesale,2024-10-17 02:59:20,delivered,USD,
493,1219,wholesale,2025-02-25 09:06:21,delivered,USD,
494,112,marketplace,2024-05-08 22:03:33,delivered,EUR,
495,894,app,2023-10-23 12:11:53,placed,GBP,
496,567,app,2024-09-07 09:19:58,delivered,EUR,
497,394,marketplace,2024-09-01 22:21:08,delivered,GBP,4
498,130,web,2024-03-27 11:48:30,delivered,USD,
499,93,app,2023-09-11 11:28:28,delivered,USD,
500,1479,app,2025-01-27 06:46:42,delivered,USD,
501,497,web,2024-01-04 18:54:20,delivered,USD,
502,1155,app,2024-08-25 21:31:41,delivered,USD,
503,52,web,2023-11-20 10:46:49,delivered,USD,
504,2,marketplace,2025-03-10 06:18:09,placed,EUR,
505,1763,web,2024-04-03 22:09:29,delivered,INR,
506,89,marketplace,2025-02-04 07:38:47,delivered,USD,
507,165,wholesale,2025-01-29 12:54:42,placed,EUR,
508,742,web,2024-12-06 10:11:35,delivered,EUR,
509,570,wholesale,2024-08-13 04:01:35,placed,USD,6
510,375,app,2023-06-24 07:18:58,shipped,USD,
511,12,wholesale,2023-07-29 09:59:51,delivered,USD,8
512,411,app,2023-08-17 20:53:38,delivered,INR,11
513,722,app,2025-03-10 08:32:41,shipped,USD,6
514,77,marketplace,2024-07-28 15:07:45,delivered,USD,11
515,47,web,2023-09-28 15:29:27,delivered,USD,
516,710,app,2023-09-30 10:37:37,delivered,GBP,
517,90,web,2025-05-14 10:57:33,delivered,EUR,
518,321,web,2024-05-17 14:56:17,cancelled,USD,
519,274,app,2024-03-27 00:10:10,delivered,EUR,5
520,131,web,2025-02-08 12:16:38,delivered,USD,1
521,1422,web,2023-08-04 16:28:56,shipped,GBP,9
522,599,marketplace,2023-06-27 09:02:58,delivered,USD,
523,779,marketplace,2025-05-11 17:18:13,placed,GBP,9
524,1501,web,2024-03-04 22:47:03,shipped,USD,
525,405,marketplace,2025-04-19 13:25:41,delivered,USD,
526,1005,app,2024-12-25 01:35:45,delivered,INR,
527,431,marketplace,2023-09-28 19:01:53,cancelled,INR,
528,763,app,2024-10-28 14:08:52,delivered,INR,
529,821,web,2024-02-04 18:29:33,delivered,INR,1
530,673,app,2023-12-31 10:16:34,cancelled,INR,
531,6,marketplace,2024-10-26 02:47:45,placed,GBP,
532,140,marketplace,2024-02-24 22:32:08,delivered,GBP,
533,494,app,2024-02-15 05:09:34,delivered,USD,
534,1275,web,2024-05-23 16:47:00,delivered,USD,
535,424,app,2024-12-09 15:57:02,delivered,USD,
536,469,marketplace,2024-01-02 18:57:36,delivered,USD,
537,2181,marketplace,2025-04-22 13:21:10,delivered,USD,9
538,75,wholesale,2024-08-09 03:13:21,shipped,USD,
539,930,app,2024-06-14 06:59:54,delivered,EUR,
540,842,app,2024-11-13 00:18:12,delivered,USD,
541,523,app,2024-02-21 10:19:15,delivered,GBP,
542,495,app,2024-08-06 17:41:10,shipped,USD,8
543,192,app,2023-07-26 02:22:53,delivered,USD,
544,258,web,2024-11-28 23:49:26,delivered,USD,
545,476,app,2025-03-25 23:46:44,delivered,EUR,
546,393,app,2023-12-06 15:45:35,cancelled,GBP,
547,315,marketplace,2023-09-25 14:46:07,delivered,EUR,
548,584,app,2024-07-12 21:42:43,shipped,GBP,
549,861,app,2024-06-19 22:02:23,delivered,EUR,
550,239,marketplace,2024-04-28 21:59:04,delivered,USD,
551,72,app,2024-07-03 09:34:31,placed,GBP,
552,31,web,2024-05-06 03:25:46,cancelled,USD,4
553,511,marketplace,2023-09-08 18:21:08,placed,USD,
554,469,web,2024-03-17 23:05:49,shipped,USD,
555,498,app,2023-12-14 14:00:50,placed,USD,
556,150,app,2025-01-12 17:44:35,delivered,INR,
557,131,app,2025-05-25 14:42:44,shipped,INR,
558,459,wholesale,2024-08-24 19:17:51,delivered,EUR,8
559,1051,app,2024-07-23 01:33:30,delivered,EUR,
560,1178,web,2023-11-20 08:42:15,shipped,GBP,
561,1684,app,2024-10-15 22:02:29,delivered,USD,
562,1913,app,2024-10-19 00:01:05,placed,USD,
563,114,app,2023-07-30 12:35:58,delivered,USD,
564,486,wholesale,2024-09-12 06:48:28,cancelled,GBP,
565,167,marketplace,2024-02-08 14:37:21,delivered,USD,
566,275,app,2024-01-14 21:24:00,delivered,INR,
567,1144,web,2024-09-22 16:03:25,delivered,USD,
568,705,app,2023-12-07 05:32:34,delivered,INR,
569,213,wholesale,2023-06-01 19:25:10,delivered,USD,
570,1099,web,2023-08-14 21:47:11,shipped,EUR,
571,66,marketplace,2024-08-16 15:07:48,delivered,USD,
572,1650,app,2024-09-19 12:07:25,delivered,GBP,9
573,36,web,2025-05-11 06:31:49,shipped,EUR,3
574,325,marketplace,2023-07-11 20:22:47,cancelled,USD,
575,1397,marketplace,2024-11-24 19:11:53,delivered,EUR,
576,375,app,2024-08-10 14:15:38,delivered,INR,1
577,1066,web,2024-03-23 15:21:00,shipped,INR,
578,1462,web,2024-02-13 03:27:21,placed,GBP,
579,138,app,2024-02-21 11:07:51,delivered,USD,
580,196,app,2024-04-23 15:48:54,delivered,USD,9
581,79,web,2025-04-20 04:01:36,shipped,USD,
582,381,marketplace,2023-09-01 08:52:35,delivered,EUR,
583,112,wholesale,2023-11-06 17:52:15,delivered,GBP,
584,875,web,2023-10-15 14:14:14,delivered,USD,4
585,68,web,2024-10-16 17:22:16,delivered,USD,
586,980,web,2023-09-04 02:09:06,delivered,USD,
587,166,web,2025-01-26 17:10:10,cancelled,USD,
588,651,web,2024-07-12 22:57:16,cancelled,USD,
589,405,web,2025-01-27 06:38:23,delivered,EUR,10
590,56,app,2024-09-17 12:37:08,delivered,EUR,
591,12,web,2024-01-30 08:59:50,delivered,EUR,
592,97,wholesale,2024-07-11 19:17:00,delivered,USD,
593,550,web,2024-07-19 17:07:27,delivered,INR,4
594,67,app,2024-01-13 21:14:36,delivered,USD,
595,519,app,2024-07-15 09:55:22,cancelled,USD,
596,37,marketplace,2024-08-01 13:34:35,shipped,INR,
597,994,web,2024-01-23 02:21:25,shipped,EUR,
598,358,wholesale,2024-05-11 17:19:26,delivered,INR,3
599,64,web,2024-09-29 22:40:59,delivered,USD,
600,27,web,2024-04-24 23:19:33,delivered,GBP,
601,397,app,2023-10-22 17:50:51,delivered,USD,
602,826,wholesale,2023-11-20 12:49:05,delivered,EUR,
603,904,app,2023-11-15 14:00:28,cancelled,INR,
604,166,marketplace,2024-07-20 19:06:24,delivered,USD,
605,379,app,2024-11-02 12:20:42,delivered,EUR,
606,562,app,2024-09-22 00:27:42,placed,USD,
607,1359,marketplace,2023-06-13 02:05:10,cancelled,USD,
608,894,web,2024-01-10 06:29:38,delivered,EUR,
609,266,web,2024-08-25 10:47:39,delivered,USD,
610,373,web,2025-03-21 15:14:13,delivered,USD,
611,212,web,2023-08-01 22:08:01,cancelled,USD,
612,297,web,2024-10-09 19:37:01,delivered,INR,
613,4042,web,2024-07-13 08:26:29,delivered,EUR,2
614,1159,app,2025-05-15 21:18:20,delivered,GBP,
615,923,app,2025-01-18 17:41:48,delivered,GBP,
616,902,web,2025-03-03 00:49:16,delivered,EUR,
617,808,app,2023-07-29 08:06:28,shipped,GBP,
618,940,wholesale,2024-04-13 11:33:52,delivered,GBP,11
619,137,web,2023-10-16 15:45:04,delivered,USD,
620,296,marketplace,2024-06-25 22:06:04,delivered,USD,4
621,1633,marketplace,2025-04-13 07:35:22,placed,INR,
622,995,web,2024-03-09 13:05:23,cancelled,GBP,
623,359,app,2024-08-14 23:20:22,delivered,USD,
624,798,marketplace,2024-03-28 12:24:32,delivered,USD,7
625,2,web,2024-08-28 01:08:54,cancelled,USD,
626,36,wholesale,2024-08-05 13:00:15,cancelled,EUR,
627,158,marketplace,2024-01-06 08:54:41,delivered,INR,
628,338,app,2024-11-01 06:34:09,delivered,INR,
629,70,web,2023-09-04 08:38:19,delivered,USD,9
630,821,web,2024-08-01 06:54:48,delivered,USD,
631,72,app,2024-09-15 02:47:26,delivered,EUR,
632,481,wholesale,2024-08-08 18:01:43,delivered,USD,
633,387,wholesale,2024-03-08 21:07:56,placed,USD,
634,33,web,2023-07-25 06:13:20,delivered,EUR,
635,148,app,2024-01-09 20:16:52,delivered,INR,
636,842,web,2023-12-03 05:15:39,delivered,USD,
637,1115,web,2024-09-01 15:38:27,delivered,INR,
638,31,app,2023-08-29 23:06:18,delivered,USD,
639,345,marketplace,2025-02-22 02:02:40,delivered,USD,10
640,58,marketplace,2024-01-28 04:17:13,shipped,EUR,9
641,289,wholesale,2023-10-16 22:04:24,delivered,USD,3
642,18,wholesale,2023-12-28 00:41:51,cancelled,GBP,
643,1952,app,2023-06-10 02:58:55,delivered,USD,11
644,848,app,2024-02-13 23:33:29,delivered,EUR,8
645,708,web,2024-09-14 18:26:06,cancelled,USD,5
646,163,web,2024-07-15 23:51:10,shipped,GBP,
647,73,web,2023-07-06 00:42:35,shipped,EUR,
648,2069,wholesale,2024-09-02 15:34:00,delivered,INR,11
649,709,app,2024-09-27 11:51:44,shipped,USD,
650,541,wholesale,2023-07-08 13:44:37,delivered,GBP,7
651,1140,web,2024-12-25 22:05:20,cancelled,USD,
652,212,web,2024-08-28 01:12:05,delivered,GBP,1
653,980,web,2024-05-30 09:28:29,shipped,USD,
654,80,app,2024-06-04 16:20:06,shipped,USD,12
655,1278,web,2024-07-22 22:10:38,delivered,USD,4
656,10,web,2025-02-05 03:51:03,delivered,USD,3
657,73,app,2024-07-26 14:54:31,delivered,GBP,
658,80,app,2024-01-18 04:14:03,placed,EUR,
659,310,web,2023-10-23 08:57:14,delivered,USD,5
660,164,web,2024-07-16 09:44:21,delivered,USD,
661,132,app,2024-04-14 04:39:20,placed,GBP,
662,326,web,2024-04-21 01:23:37,cancelled,GBP,
663,2340,app,2025-04-03 02:32:58,delivered,USD,
664,91,app,2023-12-30 19:15:44,placed,INR,
665,124,web,2025-02-24 12:53:53,delivered,USD,
666,38,web,2024-11-20 21:32:31,delivered,INR,
667,865,web,2024-02-17 14:51:09,delivered,USD,
668,646,web,2024-08-01 10:56:54,placed,USD,4
669,105,web,2024-03-02 18:09:37,placed,USD,
670,11,app,2023-06-07 22:09:20,delivered,EUR,
671,207,web,2024-11-25 12:55:32,delivered,GBP,
672,513,web,2023-11-19 03:14:07,shipped,INR,
673,2741,wholesale,2023-07-09 11:46:48,delivered,EUR,
674,38,web,2024-03-17 01:52:26,delivered,USD,
675,1310,web,2024-05-02 10:31:16,delivered,INR,
676,1006,marketplace,2024-09-01 13:36:40,delivered,GBP,
677,366,web,2024-09-12 15:42:36,shipped,USD,
678,10,app,2025-02-14 13:23:32,delivered,EUR,
679,974,web,2023-07-22 10:57:19,shipped,GBP,
680,429,app,2025-01-26 15:34:49,delivered,EUR,
681,187,web,2025-05-12 02:40:01,delivered,USD,
682,377,app,2024-05-29 11:49:50,delivered,INR,
683,277,web,2024-02-22 20:10:52,delivered,EUR,
684,594,app,2024-01-27 09:54:28,delivered,USD,
685,854,web,2024-11-07 04:41:50,delivered,EUR,
686,11,marketplace,2024-05-12 19:43:57,delivered,USD,
687,753,wholesale,2025-02-21 08:09:12,delivered,GBP,
688,167,app,2023-11-06 14:00:18,delivered,USD,
689,1592,marketplace,2023-10-05 06:14:15,delivered,USD,5
690,106,web,2024-06-09 20:13:37,cancelled,GBP,
691,465,marketplace,2024-12-23 04:55:16,shipped,INR,
692,243,web,2025-03-17 23:05:43,cancelled,EUR,
693,391,app,2024-04-25 12:45:51,delivered,EUR,
694,878,web,2023-06-26 06:37:02,delivered,USD,
695,561,wholesale,2023-10-02 07:42:39,delivered,INR,
696,164,marketplace,2025-04-25 12:44:17,placed,USD,
697,728,app,2023-11-09 01:43:09,delivered,USD,
698,156,web,2024-01-08 11:36:31,delivered,EUR,
699,291,web,2024-06-25 06:09:13,delivered,EUR,11
700,27,web,2024-05-05 08:44:21,placed,INR,
701,73,web,2023-06-16 12:59:20,delivered,USD,
702,284,wholesale,2024-10-30 21:37:07,delivered,EUR,
703,23,web,2025-05-11 18:57:56,delivered,USD,
704,276,web,2023-12-29 16:25:14,shipped,GBP,1
705,15,app,2023-06-08 14:45:34,delivered,EUR,
706,208,wholesale,2024-03-01 15:33:46,delivered,EUR,8
707,615,web,2023-11-14 12:51:02,delivered,USD,
708,253,marketplace,2024-09-17 05:07:23,shipped,USD,
709,377,web,2023-10-03 21:11:18,shipped,USD,
710,58,app,2024-10-15 15:04:55,placed,USD,
711,215,web,2024-09-23 19:28:53,delivered,EUR,11
712,1152,marketplace,2024-06-19 09:38:54,delivered,USD,
713,986,app,2025-01-24 23:25:34,shipped,USD,8
714,113,app,2024-12-13 19:13:22,delivered,EUR,
715,38,web,2024-12-20 02:05:30,delivered,EUR,
716,139,app,2024-06-12 23:32:52,delivered,INR,9
717,1095,wholesale,2025-02-08 06:28:43,placed,USD,
718,199,wholesale,2025-03-20 10:52:59,cancelled,GBP,
719,876,app,2024-07-07 01:14:26,delivered,EUR,
720,373,web,2023-07-28 20:29:18,cancelled,INR,
721,1815,marketplace,2024-07-01 16:48:20,delivered,USD,
722,570,app,2024-01-24 01:07:02,shipped,USD,
723,436,app,2025-01-05 05:53:56,delivered,USD,2
724,981,app,2025-01-31 09:57:05,shipped,GBP,
725,26,app,2025-04-09 19:56:44,delivered,USD,
726,216,web,2024-12-03 23:52:06,cancelled,USD,
727,572,wholesale,2024-01-14 17:21:52,delivered,USD,
728,945,app,2025-03-31 16:51:33,delivered,USD,
729,104,app,2024-06-26 21:13:32,delivered,USD,
730,148,web,2023-09-09 13:12:35,delivered,GBP,
731,338,marketplace,2024-12-03 13:48:20,delivered,USD,
732,231,marketplace,2023-11-03 20:12:15,delivered,GBP,
733,44,web,2024-01-12 00:58:51,cancelled,EUR,
734,274,marketplace,2025-05-26 10:15:10,delivered,INR,
735,556,wholesale,2023-06-17 19:59:43,delivered,GBP,
736,458,wholesale,2025-02-05 15:11:28,delivered,GBP,
737,52,wholesale,2025-01-16 18:36:10,delivered,GBP,10
738,51,web,2024-04-10 08:56:49,placed,USD,
739,1057,app,2025-03-28 14:33:19,delivered,GBP,
740,34,app,2023-10-29 23:09:21,shipped,EUR,
741,1388,app,2024-03-26 02:48:29,delivered,USD,4
742,186,web,2024-04-19 22:41:21,delivered,INR,
743,660,marketplace,2024-03-06 16:27:00,shipped,USD,
744,441,app,2024-12-02 23:55:56,placed,GBP,
745,44,marketplace,2024-02-10 04:53:21,delivered,USD,
746,430,wholesale,2024-08-13 10:42:31,delivered,USD,
747,1165,app,2025-03-11 02:23:26,delivered,USD,
748,27,web,2023-06-12 07:53:22,placed,USD,
749,407,marketplace,2024-01-17 14:09:37,delivered,USD,
750,2053,web,2024-12-28 03:54:53,cancelled,USD,
751,115,web,2024-08-11 14:06:06,delivered,INR,
752,221,web,2024-05-19 17:14:33,delivered,INR,
753,248,app,2025-02-08 04:16:54,delivered,USD,
754,10,web,2023-09-25 12:05:17,delivered,EUR,
755,445,app,2024-10-29 18:19:00,delivered,USD,
756,20,wholesale,2024-01-03 18:25:44,shipped,USD,12
757,863,web,2024-10-04 12:51:50,placed,USD,
758,1567,wholesale,2024-02-17 11:55:51,delivered,EUR,
759,3002,web,2024-08-09 19:29:56,delivered,EUR,12
760,1847,web,2024-07-02 08:51:57,delivered,EUR,
761,142,app,2024-08-30 18:36:17,delivered,USD,
762,41,marketplace,2025-03-15 05:11:24,cancelled,INR,
763,274,app,2024-07-15 05:23:27,delivered,EUR,4
764,308,app,2023-07-21 12:55:54,delivered,EUR,
765,305,marketplace,2023-10-30 01:02:24,shipped,INR,
766,111,web,2023-09-18 19:45:06,delivered,GBP,
767,121,app,2023-09-25 21:36:40,delivered,EUR,
768,113,web,2023-09-12 00:14:54,delivered,EUR,12
769,420,app,2024-03-04 07:49:55,delivered,GBP,
770,292,web,2024-08-29 12:15:52,placed,USD,
771,688,web,2023-11-08 13:28:22,delivered,INR,3
772,285,web,2024-10-06 23:16:46,delivered,INR,
773,28,web,2024-06-29 13:48:52,delivered,USD,2
774,84,web,2023-08-11 09:05:54,placed,INR,
775,75,app,2025-04-25 10:01:12,delivered,GBP,
776,705,web,2024-03-12 01:57:31,placed,USD,
777,635,web,2025-01-23 09:48:22,shipped,GBP,
778,2056,marketplace,2024-11-26 03:59:49,delivered,INR,6
779,577,app,2024-04-28 16:42:24,placed,USD,8
780,260,web,2023-07-20 07:32:44,delivered,USD,
781,903,web,2024-09-21 10:28:07,delivered,USD,12
782,846,web,2023-07-14 15:27:10,shipped,INR,
783,668,marketplace,2024-10-04 13:33:25,delivered,USD,6
784,734,web,2025-03-26 15:03:45,delivered,GBP,
785,222,web,2025-02-26 16:31:15,delivered,USD,
786,565,web,2024-09-07 02:42:13,cancelled,USD,2
787,268,wholesale,2024-02-02 20:20:26,delivered,USD,
788,11,wholesale,2024-03-03 06:22:47,cancelled,USD,
789,246,web,2024-07-28 00:32:29,cancelled,INR,
790,454,marketplace,2023-06-29 05:20:05,delivered,INR,
791,985,web,2025-05-20 04:20:06,shipped,USD,
792,174,app,2025-03-31 17:11:48,delivered,USD,
793,375,web,2025-04-14 00:38:51,delivered,EUR,
794,409,marketplace,2024-03-05 13:39:06,delivered,USD,
795,70,wholesale,2025-03-28 00:13:09,shipped,EUR,
796,498,app,2023-09-15 03:38:14,delivered,USD,3
797,222,web,2023-09-16 01:15:47,delivered,EUR,
798,2224,app,2023-06-21 03:53:31,placed,INR,11
799,205,app,2023-09-16 06:26:42,cancelled,USD,
800,23,web,2024-12-20 02:07:18,delivered,INR,
801,519,app,2024-11-20 09:25:06,cancelled,USD,2
802,50,web,2024-07-16 11:52:27,delivered,USD,9
803,1385,marketplace,2025-03-28 18:25:09,shipped,USD,
804,566,marketplace,2023-10-10 10:40:38,placed,USD,
805,164,app,2023-10-11 10:41:02,delivered,USD,
806,150,web,2024-05-18 17:38:23,delivered,EUR,
807,1288,wholesale,2024-04-26 01:18:11,placed,USD,
808,37,wholesale,2023-09-08 14:53:26,cancelled,GBP,
809,284,app,2024-08-08 22:53:12,delivered,GBP,
810,514,app,2024-08-12 17:33:49,delivered,INR,8
811,2531,marketplace,2025-01-28 23:04:41,delivered,INR,12
812,596,wholesale,2025-04-25 18:13:37,cancelled,EUR,5
813,350,web,2024-07-03 03:45:16,delivered,GBP,
814,39,app,2025-04-05 13:48:40,delivered,GBP,
815,547,marketplace,2025-04-19 16:23:14,delivered,EUR,9
816,189,web,2025-02-09 19:03:06,delivered,EUR,
817,244,app,2024-11-14 11:10:29,shipped,USD,
818,247,wholesale,2025-04-25 15:31:22,delivered,EUR,10
819,147,web,2024-04-03 01:33:15,shipped,INR,9
820,254,marketplace,2024-03-14 16:58:52,shipped,GBP,12
821,244,app,2023-11-29 11:19:52,shipped,INR,
822,196,web,2025-03-11 11:09:51,shipped,USD,
823,348,web,2025-03-20 04:04:27,delivered,USD,
824,204,marketplace,2023-08-14 03:10:59,delivered,INR,
825,171,web,2024-08-20 00:56:31,delivered,GBP,
826,75,web,2024-05-27 15:14:34,cancelled,USD,
827,123,web,2024-12-24 04:47:41,delivered,USD,11
828,61,web,2024-05-07 16:37:11,shipped,USD,11
829,192,app,2025-04-21 16:50:00,delivered,GBP,
830,168,web,2023-08-25 06:52:16,delivered,USD,
831,211,marketplace,2024-02-08 20:34:12,delivered,INR,
832,241,web,2023-10-03 06:44:31,delivered,GBP,
833,2,web,2025-05-13 23:35:46,delivered,USD,
834,197,app,2025-04-10 21:14:38,delivered,USD,
835,110,web,2024-02-02 12:21:39,cancelled,EUR,
836,590,wholesale,2024-03-16 03:22:18,shipped,GBP,
837,404,app,2025-04-10 17:51:27,shipped,EUR,
838,2383,web,2024-01-17 18:57:08,delivered,USD,
839,178,web,2023-06-29 06:57:59,placed,INR,
840,138,app,2024-04-29 11:06:48,shipped,USD,2
841,59,web,2023-11-15 04:39:47,delivered,USD,
842,1716,web,2023-09-02 00:47:28,delivered,USD,11
843,75,web,2024-04-24 06:50:16,cancelled,EUR,
844,247,web,2024-09-29 17:26:02,shipped,USD,1
845,925,web,2024-01-31 08:23:41,delivered,GBP,
846,460,marketplace,2024-05-18 00:34:44,delivered,USD,
847,905,web,2025-01-09 05:55:44,delivered,EUR,4
848,901,app,2023-07-08 02:11:03,shipped,USD,12
849,1037,app,2024-07-10 09:31:04,delivered,USD,
850,616,wholesale,2024-12-28 07:35:13,delivered,GBP,
851,105,web,2024-04-08 18:02:48,placed,USD,
852,546,marketplace,2023-08-03 01:44:03,delivered,USD,
853,41,web,2024-09-01 23:50:17,delivered,GBP,
854,634,web,2024-09-20 07:28:24,delivered,USD,
855,1885,app,2024-07-21 10:10:11,delivered,USD,
856,1625,wholesale,2023-08-26 06:00:20,delivered,GBP,
857,2956,marketplace,2025-01-09 01:26:25,delivered,EUR,
858,779,app,2025-04-14 16:16:19,delivered,USD,
859,1323,wholesale,2025-02-04 08:48:46,delivered,GBP,
860,77,web,2024-05-09 22:18:28,delivered,USD,11
861,1063,web,2023-09-02 08:50:15,delivered,EUR,
862,408,app,2024-04-26 05:29:17,shipped,GBP,10
863,169,wholesale,2024-11-17 23:55:01,delivered,GBP,
864,736,web,2024-01-05 02:14:15,delivered,INR,6
865,646,web,2023-11-19 20:22:45,cancelled,USD,
866,135,web,2024-02-25 07:51:07,delivered,GBP,
867,428,web,2024-12-23 23:57:11,delivered,USD,
868,110,marketplace,2023-12-25 02:21:55,delivered,USD,
869,1368,wholesale,2024-02-15 04:35:57,delivered,USD,7
870,527,web,2025-05-06 11:51:12,placed,USD,
871,1863,app,2024-12-15 11:40:28,delivered,GBP,
872,699,web,2024-01-23 05:55:07,delivered,USD,
873,383,web,2024-03-22 04:01:03,delivered,USD,
874,78,marketplace,2023-07-31 20:50:08,delivered,EUR,
875,44,app,2023-08-31 07:45:26,delivered,USD,
876,574,marketplace,2025-03-17 02:34:49,shipped,USD,9
877,822,web,2025-02-15 23:33:53,cancelled,EUR,
878,51,web,2023-08-22 00:22:57,delivered,USD,
879,74,web,2023-11-22 12:01:02,delivered,INR,
880,200,marketplace,2023-07-27 11:03:08,delivered,EUR,1
881,441,web,2024-11-23 11:00:17,delivered,USD,
882,241,marketplace,2024-12-18 22:44:18,delivered,USD,
883,336,web,2025-02-03 12:16:31,delivered,EUR,
884,800,marketplace,2023-12-14 17:23:34,delivered,EUR,
885,42,web,2023-08-27 00:34:04,delivered,USD,
886,1597,app,2025-03-03 03:10:41,delivered,USD,
887,1002,web,2023-10-14 00:36:58,shipped,INR,
888,49,app,2024-08-09 21:59:24,delivered,EUR,
889,344,app,2023-09-08 09:56:10,delivered,GBP,12
890,781,web,2025-04-12 05:05:31,delivered,USD,
891,150,marketplace,2024-03-12 10:19:08,shipped,USD,
892,646,wholesale,2024-12-23 04:53:52,placed,USD,11
893,97,wholesale,2024-02-10 17:03:01,delivered,USD,
894,140,web,2023-10-13 00:39:45,delivered,USD,
895,648,app,2024-10-28 16:16:33,cancelled,EUR,
896,8,app,2024-04-13 18:50:28,delivered,USD,
897,200,app,2024-07-25 20:03:13,delivered,USD,
898,122,wholesale,2025-02-08 07:52:35,delivered,EUR,
899,883,web,2024-07-16 04:06:09,delivered,EUR,
900,678,wholesale,2024-03-31 22:26:00,delivered,USD,
901,621,wholesale,2024-11-17 14:30:50,delivered,INR,2
902,790,web,2024-08-11 18:11:32,shipped,USD,
903,298,wholesale,2024-01-28 11:53:16,delivered,EUR,
904,430,wholesale,2024-10-03 19:21:51,delivered,USD,
905,104,web,2025-02-15 22:22:36,cancelled,GBP,
906,39,wholesale,2024-12-12 05:57:58,placed,USD,
907,327,app,2024-11-24 07:33:27,delivered,USD,
908,59,app,2025-04-22 20:58:48,delivered,GBP,
909,126,web,2024-03-27 01:02:42,placed,USD,
910,382,marketplace,2023-08-18 08:13:46,delivered,GBP,
911,47,marketplace,2023-11-02 20:23:36,delivered,EUR,
912,438,marketplace,2024-09-11 14:47:01,delivered,USD,
913,274,web,2023-12-29 13:23:58,delivered,USD,
914,235,app,2024-06-11 20:07:54,delivered,EUR,2
915,370,marketplace,2024-09-19 02:48:21,placed,INR,
916,59,app,2023-08-15 07:58:28,delivered,USD,
917,101,web,2023-08-07 03:26:32,delivered,GBP,
918,874,marketplace,2024-10-10 11:57:55,cancelled,USD,
919,1545,web,2024-08-19 19:32:16,delivered,EUR,
920,80,app,2024-10-30 19:29:37,cancelled,GBP,
921,437,web,2025-04-28 05:44:51,delivered,EUR,
922,160,wholesale,2023-10-13 22:38:23,delivered,USD,12
923,273,app,2024-11-07 03:27:35,delivered,USD,
924,416,web,2024-01-04 18:30:20,delivered,USD,
925,306,web,2024-10-27 09:05:17,delivered,INR,
926,143,app,2025-03-04 08:17:32,delivered,USD,
927,133,web,2024-02-11 08:33:51,delivered,EUR,11
928,396,web,2023-09-01 07:37:27,delivered,GBP,
929,2100,web,2023-07-12 14:28:01,delivered,GBP,12
930,309,app,2023-11-14 13:01:13,delivered,USD,
931,233,wholesale,2024-11-13 00:26:01,delivered,EUR,1
932,198,app,2024-10-23 11:54:25,delivered,USD,
933,397,web,2024-12-04 03:35:39,delivered,USD,
934,432,app,2024-03-23 06:44:55,delivered,INR,
935,630,wholesale,2024-12-21 12:31:42,delivered,EUR,
936,254,web,2023-06-26 23:11:21,placed,USD,
937,563,wholesale,2023-10-23 12:28:03,delivered,USD,
938,341,web,2024-08-17 15:22:56,delivered,USD,
939,608,marketplace,2023-08-15 04:18:42,delivered,USD,
940,2022,app,2025-03-21 11:47:52,delivered,USD,
941,34,web,2025-05-09 17:31:26,delivered,EUR,
942,666,web,2024-07-15 21:51:37,delivered,INR,1
943,654,app,2023-07-30 17:02:05,delivered,GBP,
944,608,app,2024-06-03 12:02:48,delivered,USD,
945,158,web,2024-11-25 13:30:08,delivered,USD,
946,567,web,2024-09-01 21:57:46,delivered,EUR,
947,133,app,2024-02-02 20:43:23,delivered,INR,
948,268,web,2023-09-16 09:36:33,delivered,GBP,
949,120,web,2024-11-16 06:52:03,delivered,USD,
950,347,web,2024-11-28 19:11:50,delivered,USD,
951,104,web,2024-06-16 20:27:20,delivered,USD,
952,139,web,2023-10-24 05:36:05,delivered,USD,
953,47,web,2024-02-25 07:27:16,cancelled,INR,
954,480,app,2023-10-18 04:09:32,delivered,USD,1
955,411,wholesale,2024-06-19 07:26:58,delivered,INR,
956,85,web,2024-11-15 06:52:55,delivered,USD,
957,1006,app,2024-11-12 17:32:22,delivered,USD,
958,260,wholesale,2023-07-08 05:14:10,shipped,GBP,
959,2152,wholesale,2024-12-13 01:07:02,delivered,EUR,12
960,111,web,2025-01-26 09:54:39,delivered,INR,
961,308,web,2024-11-06 00:20:06,delivered,EUR,
962,1271,web,2025-05-11 11:44:45,delivered,INR,
963,43,web,2024-03-23 02:31:21,cancelled,EUR,
964,24,app,2024-03-12 10:01:30,delivered,GBP,
965,22,web,2023-09-16 03:23:14,cancelled,USD,8
966,399,web,2024-05-03 12:56:03,shipped,USD,
967,253,web,2024-05-30 18:11:58,placed,EUR,
968,473,web,2023-06-28 21:23:18,delivered,USD,
969,211,web,2024-01-19 01:04:34,placed,USD,9
970,806,marketplace,2025-01-31 09:40:46,delivered,INR,
971,1059,web,2024-06-21 15:55:39,delivered,EUR,
972,814,marketplace,2025-02-17 00:35:54,delivered,EUR,4
973,194,app,2024-12-26 13:58:23,placed,EUR,
974,166,marketplace,2025-01-30 06:08:05,delivered,USD,6
975,38,wholesale,2024-10-10 13:32:00,shipped,USD,
976,29,web,2024-07-08 13:52:40,delivered,GBP,
977,475,web,2023-07-11 04:21:00,delivered,EUR,
978,1428,web,2024-05-27 19:42:41,cancelled,USD,
979,43,wholesale,2024-02-17 16:07:12,delivered,USD,
980,160,web,2024-07-22 05:41:19,delivered,EUR,
981,372,app,2025-01-02 16:16:41,cancelled,GBP,9
982,353,marketplace,2024-02-10 08:47:16,delivered,EUR,2
983,13,web,2025-02-22 00:59:28,delivered,GBP,1
984,29,app,2025-04-17 15:26:04,delivered,EUR,3
985,1692,marketplace,2025-02-11 06:12:47,delivered,EUR,1
986,1153,marketplace,2023-06-30 11:01:21,delivered,USD,4
987,501,web,2025-03-28 22:20:42,delivered,GBP,
988,370,web,2024-07-17 13:41:45,cancelled,USD,
989,1580,marketplace,2024-05-31 08:15:31,delivered,USD,
990,63,web,2023-11-17 23:12:33,placed,EUR,
991,498,wholesale,2024-03-18 17:45:11,delivered,USD,
992,276,marketplace,2024-09-16 01:18:44,shipped,USD,
993,1119,marketplace,2024-04-17 20:05:41,cancelled,INR,
994,32,app,2023-11-11 10:21:29,delivered,INR,
995,529,wholesale,2023-11-26 10:09:06,delivered,USD,5
996,48,app,2024-02-06 15:51:00,delivered,INR,
997,425,web,2023-07-29 02:01:06,delivered,EUR,
998,27,wholesale,2025-05-29 13:00:19,delivered,GBP,
999,410,web,2024-10-24 15:47:18,delivered,INR,
1000,26,web,2024-11-20 23:33:09,delivered,INR,
